{
  "metadata": {
    "description": "상급자 데이터 기반 포즈 타입별 기준 포즈 벡터 (Centroid)",
    "data_source": "/Users/awesomej/Code/beat_boxer_game/data/pose_data/상급자 Sample1.csv",
    "variables": [
      "left_fist_dist",
      "left_fist_angle",
      "right_fist_dist",
      "right_fist_angle",
      "left_arm_angle",
      "right_arm_angle",
      "nose_position",
      "nose_above_shoulder"
    ],
    "pose_types": [
      "GUARD",
      "JAB_L",
      "STRAIGHT_R",
      "WEAVE_L",
      "WEAVE_R"
    ]
  },
  "results": {
    "GUARD": {
      "optimal_k": 2,
      "k_results": {
        "1": {
          "silhouette_score": 0.0,
          "centroid": [
            0.25999906569628073,
            330.25220598869856,
            0.4475240729719041,
            125.51042923036792,
            4.697047382379802,
            7.868849590334366,
            -0.0058694473295645465,
            1.0
          ],
          "inertia": 10664.76663856762
        },
        "2": {
          "silhouette_score": 0.26539590747288816,
          "centroid": [
            [
              0.25988706232206243,
              323.3629553493842,
              0.44896457623528785,
              126.24093868349723,
              3.526300999794194,
              9.984767657719615,
              0.027262470824624654,
              1.0
            ],
            [
              0.2601146820825706,
              337.3636905196037,
              0.44603710186131446,
              124.75635495616991,
              5.90555977730688,
              5.684676101420561,
              -0.04007013703711469,
              1.0
            ]
          ],
          "inertia": 7163.151877209035
        },
        "3": {
          "silhouette_score": 0.2603743790202044,
          "centroid": [
            [
              0.25583942067401827,
              325.4685682448089,
              0.47617829172658666,
              119.77203968273683,
              4.628270234255346,
              13.305417616595,
              0.013077181704579798,
              1.0
            ],
            [
              0.2588840476440818,
              337.4772923260414,
              0.44537508280532967,
              125.40067538735991,
              5.606052711842661,
              5.547240346784649,
              -0.040179991074154243,
              1.0
            ],
            [
              0.2658817046328789,
              322.00430091704857,
              0.4243477320849814,
              131.10494970403485,
              3.157651763915421,
              6.849037171882683,
              0.03684644959934023,
              1.0
            ]
          ],
          "inertia": 5799.27796868806
        }
      },
      "data_count": 63,
      "centroid": {
        "left_fist_dist": 0.25988706232206243,
        "left_fist_angle": 323.3629553493842,
        "right_fist_dist": 0.44896457623528785,
        "right_fist_angle": 126.24093868349723,
        "left_arm_angle": 3.526300999794194,
        "right_arm_angle": 9.984767657719615,
        "nose_position": 0.027262470824624654,
        "nose_above_shoulder": 1.0
      }
    },
    "JAB_L": {
      "optimal_k": 2,
      "k_results": {
        "1": {
          "silhouette_score": 0.0,
          "centroid": [
            0.26533645488262075,
            323.5016001379898,
            0.5545795191568453,
            110.41044035290278,
            3.3920328271647513,
            78.92673907150734,
            -0.07896629069222769,
            1.0
          ],
          "inertia": 224738.3795335253
        },
        "2": {
          "silhouette_score": 0.6387874172156656,
          "centroid": [
            [
              0.270449685574893,
              320.1581994758908,
              0.5980999365683121,
              107.607164826069,
              3.0455964459550056,
              143.06391108205543,
              -0.06449954679296228,
              1.0
            ],
            [
              0.2617856002352094,
              325.8234061533363,
              0.524357007065549,
              112.35715946875956,
              3.6326136474492974,
              34.38703628640449,
              -0.0890126406222731,
              1.0
            ]
          ],
          "inertia": 49671.1049287154
        },
        "3": {
          "silhouette_score": 0.5650973745016692,
          "centroid": [
            [
              0.2562132630939425,
              324.4152817568687,
              0.5451659125947758,
              109.99057270942484,
              3.3810744689285994,
              73.5740161115065,
              -0.07799550505845487,
              1.0
            ],
            [
              0.28382209753349363,
              317.66234992975455,
              0.615227254942283,
              107.09996747663718,
              2.5997924204304947,
              157.30259615060132,
              -0.05621837164843293,
              1.0
            ],
            [
              0.2576022563442861,
              327.57054810311024,
              0.5122556732766717,
              113.49202599964744,
              4.055544850401176,
              18.603280451386908,
              -0.09856000325195743,
              1.0
            ]
          ],
          "inertia": 22289.443480452588
        }
      },
      "data_count": 61,
      "centroid": {
        "left_fist_dist": 0.270449685574893,
        "left_fist_angle": 320.1581994758908,
        "right_fist_dist": 0.5980999365683121,
        "right_fist_angle": 107.607164826069,
        "left_arm_angle": 3.0455964459550056,
        "right_arm_angle": 143.06391108205543,
        "nose_position": -0.06449954679296228,
        "nose_above_shoulder": 1.0
      }
    },
    "STRAIGHT_R": {
      "optimal_k": 2,
      "k_results": {
        "1": {
          "silhouette_score": 0.0,
          "centroid": [
            0.28686130025471374,
            324.99772809163784,
            0.5282700638273005,
            121.53925228747396,
            7.094602713256711,
            15.033935359811752,
            -0.06985314316988608,
            1.0
          ],
          "inertia": 17294.681514867018
        },
        "2": {
          "silhouette_score": 0.28749986384377213,
          "centroid": [
            [
              0.28011752561404707,
              316.54989941939994,
              0.5309555283284966,
              121.4368335474885,
              4.920851923894031,
              13.765540816673331,
              0.014058089787063494,
              1.0
            ],
            [
              0.2946927804825847,
              334.808109775527,
              0.5251514598904276,
              121.65819017906996,
              9.61895846864563,
              16.506909667972497,
              -0.16729844595860172,
              1.0
            ]
          ],
          "inertia": 11247.765624310632
        },
        "3": {
          "silhouette_score": 0.2760976244648996,
          "centroid": [
            [
              0.28928827359598325,
              333.9852844830393,
              0.549018450375697,
              120.11013346474857,
              10.228344072195398,
              22.101528017944215,
              -0.165589222091001,
              1.0
            ],
            [
              0.2738530819912325,
              313.4127922115792,
              0.5463043171710433,
              120.04412009967733,
              5.298557838965583,
              17.380577345805825,
              0.054546021020266705,
              1.0
            ],
            [
              0.298324681624199,
              329.27109040874114,
              0.4914096372526154,
              124.34210224232729,
              6.243744009092075,
              6.439532715181013,
              -0.11641220239342386,
              1.0
            ]
          ],
          "inertia": 8641.71693450303
        }
      },
      "data_count": 67,
      "centroid": {
        "left_fist_dist": 0.28011752561404707,